{"t": [0.20000000000000004, 0.4000000000000002, 0.6000000000000003, 0.8000000000000005, 1.0000000000000007, 1.2000000000000008], "inputs": {"f_E_x": [0.0, 0.0, 0.0, 0.0, 0.0, 0.0], "f_E_y": [0.0, 0.0, 0.0, 0.0, 0.0, 0.0], "f_E_z": [0.0, 0.0, 0.0, 0.0, 0.0, 0.0], "delta_pc": [-0.9560289938075986, -0.9273804642035, -0.908746724696219, -0.919065429323122, -0.9606238634673666, -0.9913288933453878], "delta_sc": [-2.1854788694259804, -2.2141012774405566, -2.232729841049565, -2.2224449203580607, -2.180942121647202, -2.1502620089064624], "delta_pf": [-1.780676112152687, -1.7905060685945113, -1.7969869071237377, -1.793132862760747, -1.7781502271598852, -1.766660881480302], "delta_sf": [-1.3609460751566764, -1.3511252172460342, -1.3446461815577784, -1.3484884584825978, -1.3634517154493588, -1.3749323821260675]}, "vars": {"p_n": {"Actual": [-14.642875228788265, -21.183125715489982, -26.441291075926184, -30.14956117960732, -31.35783254721978, -7.905769183002702], "Reference": [0.0, 0.0, 0.0, 0.0, 0.0, 0.0]}, "p_e": {"Actual": [5.252370544081169, 13.898624467258982, 28.190959872483226, 51.51950064576861, 93.460167307702, 212.30303006075715], "Reference": [0.0, 0.0, 0.0, 0.0, 0.0, 0.0]}, "p_d": {"Actual": [-10962.848239910421, -10932.370712220669, -10906.419529434626, -10884.610373707212, -10868.925991516226, -10852.418825391127], "Reference": [0.0, 0.0, 0.0, 0.0, 0.0, 0.0]}, "u": {"Actual": [-37.47868370503139, -36.91496510647953, -34.26864245773495, -30.725039821847503, -17.397053668172557, -65.52418862542957], "Reference": [0.0, 0.0, 0.0, 0.0, 0.0, 0.0]}, "v": {"Actual": [36.97282825807735, 60.128313757545264, 94.14014283997855, 151.78115062508562, 299.74972952507164, 1022.4255737372647], "Reference": [0.0, 0.0, 0.0, 0.0, 0.0, 0.0]}, "w": {"Actual": [164.50189079785423, 136.4988345759929, 113.66022490473345, 89.64298419716779, 46.358838307282646, 173.4173485097379], "Reference": [0.0, 0.0, 0.0, 0.0, 0.0, 0.0]}, "e_0": {"Actual": [0.9998612220287425, 0.9995266174551148, 0.9989534142361768, 0.9979732643503674, 0.9960977144583947, 0.9911904912600055], "Reference": [1.0, 1.0, 1.0, 1.0, 1.0, 1.0]}, "e_1": {"Actual": [0.013403340339516429, 0.019743419770957612, 0.020892951393640627, 0.016624136304785108, 0.0056445190434479585, -0.014021183384089366], "Reference": [0.0, 0.0, 0.0, 0.0, 0.0, 0.0]}, "e_2": {"Actual": [0.008552625516798308, 0.021309135295838538, 0.03774804875242911, 0.05812414883496745, 0.08484436212150098, 0.12922342993905747], "Reference": [0.0, 0.0, 0.0, 0.0, 0.0, 0.0]}, "e_3": {"Actual": [-0.004973906684107841, -0.010132084061436442, -0.01518702022559734, -0.019864165127241058, -0.02364142279403144, -0.025418922224289334], "Reference": [0.0, 0.0, 0.0, 0.0, 0.0, 0.0]}, "p": {"Actual": [0.09072007434374839, 0.036899663843120836, -0.015358089983781107, -0.0742115751452855, -0.1586165921115374, -0.18494149867141493], "Reference": [0.0, 0.0, 0.0, 0.0, 0.0, 0.0]}, "q": {"Actual": [0.1076685868438159, 0.14576125907597293, 0.1815177663077971, 0.22606114449728165, 0.32097761822867765, 0.7021152276421069], "Reference": [0.0, 0.0, 0.0, 0.0, 0.0, 0.0]}, "r": {"Actual": [-0.05215994474422578, -0.053528475462204766, -0.05367352053081411, -0.05168403698060609, -0.04540240310982829, -0.027350547488222292], "Reference": [0.0, 0.0, 0.0, 0.0, 0.0, 0.0]}}}