{"t": [0.20000000000000004], "inputs": {"f_E_x": [0.0], "f_E_y": [0.0], "f_E_z": [0.0], "delta_pc": [2.873311450187865], "delta_sc": [-2.41730447457128], "delta_pf": [-3.0856922146547228], "delta_sf": [-1.3089969389957472]}, "vars": {"p_n": {"Actual": [-9.166839245738545], "Reference": [0.0]}, "p_e": {"Actual": [-5.685754187536314], "Reference": [0.0]}, "p_d": {"Actual": [-10950.61672997052], "Reference": [0.0]}, "u": {"Actual": [-114.64915208781309], "Reference": [0.0]}, "v": {"Actual": [-85.56429613027676], "Reference": [0.0]}, "w": {"Actual": [398.0641342515925], "Reference": [0.0]}, "e_0": {"Actual": [0.9997327923884018], "Reference": [1.0]}, "e_1": {"Actual": [-0.01386659558184173], "Reference": [0.0]}, "e_2": {"Actual": [0.018064177890010878], "Reference": [0.0]}, "e_3": {"Actual": [-0.003968227238524198], "Reference": [0.0]}, "p": {"Actual": [-0.24518968800795118], "Reference": [0.0]}, "q": {"Actual": [0.0013260366797522892], "Reference": [0.0]}, "r": {"Actual": [0.5405490543561934], "Reference": [0.0]}}}